,family_x,image,iucn_uuid,order_x,scientificname,sound,order_y,family_y,subfamily,genus,subgenus,species,common_name,gaa_name,synonymies,itis_names,iucn,isocc,intro_isocc,aweb_uid,uri/guid,taxon_notes_public
0,Hyperoliidae,1111 1111 1111 2376,56096,Anura,Heterixalus alboguttatus,http://amphibiaweb.org/sounds/Heterixalus_alboguttatus.mp3,Anura,Hyperoliidae,,Heterixalus,,alboguttatus,,Heterixalus alboguttatus,,,Least Concern (LC),MG,,486.0,http://amphibiaweb.org/species/486,
1,Hyperoliidae,1111 1111 1111 1129,56097,Anura,Heterixalus andrakata,http://amphibiaweb.org/sounds/Heterixalus_andrakata.mp3,Anura,Hyperoliidae,,Heterixalus,,andrakata,,Heterixalus andrakata,,,Least Concern (LC),MG,,487.0,http://amphibiaweb.org/species/487,
2,Hyperoliidae,1111 1111 1111 8015,56098,Anura,Heterixalus betsileo,http://amphibiaweb.org/sounds/Heterixalus_betsileo.mp3,Anura,Hyperoliidae,,Heterixalus,,betsileo,,Heterixalus betsileo,,,Least Concern (LC),MG,,488.0,http://amphibiaweb.org/species/488,
3,Hyperoliidae,1111 1111 1111 1166,56099,Anura,Heterixalus boettgeri,http://amphibiaweb.org/sounds/Heterixalus_boettgeri.mp3,Anura,Hyperoliidae,,Heterixalus,,boettgeri,,Heterixalus boettgeri,,,Least Concern (LC),MG,,489.0,http://amphibiaweb.org/species/489,
4,Hyperoliidae,1111 1111 1111 8017,56100,Anura,Heterixalus carbonei,http://amphibiaweb.org/sounds/Heterixalus_carbonei.mp3,Anura,Hyperoliidae,,Heterixalus,,carbonei,,Heterixalus carbonei,,,Near Threatened (NT),MG,,6138.0,http://amphibiaweb.org/species/6138,
5,Hyperoliidae,1111 1111 1111 8018,56101,Anura,Heterixalus luteostriatus,http://amphibiaweb.org/sounds/Heterixalus_luteostriatus.mp3,Anura,Hyperoliidae,,Heterixalus,,luteostriatus,,Heterixalus luteostriatus,,,Least Concern (LC),MG,,490.0,http://amphibiaweb.org/species/490,
6,Hyperoliidae,1111 1111 1111 2169,56102,Anura,Heterixalus madagascariensis,http://amphibiaweb.org/sounds/Heterixalus_madagascariensis.mp3,Anura,Hyperoliidae,,Heterixalus,,madagascariensis,,Heterixalus madagascariensis,,,Least Concern (LC),MG,,491.0,http://amphibiaweb.org/species/491,
7,Hyperoliidae,1111 1111 1111 1167,56103,Anura,Heterixalus punctatus,http://amphibiaweb.org/sounds/Heterixalus_punctatus.mp3,Anura,Hyperoliidae,,Heterixalus,,punctatus,,Heterixalus punctatus,,,Least Concern (LC),MG,,492.0,http://amphibiaweb.org/species/492,
8,Hyperoliidae,1111 1111 1111 1130,56104,Anura,Heterixalus rutenbergi,http://amphibiaweb.org/sounds/Heterixalus_rutenbergi.mp3,Anura,Hyperoliidae,,Heterixalus,,rutenbergi,,Heterixalus rutenbergi,,,Near Threatened (NT),MG,,493.0,http://amphibiaweb.org/species/493,
9,Hyperoliidae,1111 1111 1111 8023,56105,Anura,Heterixalus tricolor,http://amphibiaweb.org/sounds/Heterixalus_tricolor.mp3,Anura,Hyperoliidae,,Heterixalus,,tricolor,,Heterixalus tricolor,,,Least Concern (LC),MG,,494.0,http://amphibiaweb.org/species/494,
10,Hyperoliidae,1111 1111 1111 2318,56106,Anura,Heterixalus variabilis,http://amphibiaweb.org/sounds/Heterixalus_variabilis.mp3,Anura,Hyperoliidae,,Heterixalus,,variabilis,,Heterixalus variabilis,,,Least Concern (LC),MG,,495.0,http://amphibiaweb.org/species/495,
11,Mantellidae,0000 0000 0815 3434,,Anura,Aglyptodactylus australis,,,,,,,,,,,,,,,,,
12,Mantellidae,0000 0000 0815 3438,,Anura,Aglyptodactylus chorus,,,,,,,,,,,,,,,,,
13,Mantellidae,0000 0000 0815 3436,,Anura,Aglyptodactylus inguinalis,,,,,,,,,,,,,,,,,
14,Mantellidae,1111 1111 1111 8045,57383,Anura,Aglyptodactylus laticeps,http://amphibiaweb.org/sounds/Aglyptodactylus_laticeps.mp3,Anura,Mantellidae,Laliostominae,Aglyptodactylus,,laticeps,,Aglyptodactylus laticeps,,,Endangered (EN),MG,,5402.0,http://amphibiaweb.org/species/5402,
15,Mantellidae,1111 1111 1111 1180,57384,Anura,Aglyptodactylus madagascariensis,http://amphibiaweb.org/sounds/Aglyptodactylus_madagascariensis.mp3,Anura,Mantellidae,Laliostominae,Aglyptodactylus,,madagascariensis,,Aglyptodactylus madagascariensis,,,Least Concern (LC),MG,,4326.0,http://amphibiaweb.org/species/4326,
16,Mantellidae,1111 1111 1111 8047,57385,Anura,Aglyptodactylus securifer,http://amphibiaweb.org/sounds/Aglyptodactylus_securifer.mp3,Anura,Mantellidae,Laliostominae,Aglyptodactylus,,securifer,,Aglyptodactylus securifer,,,Least Concern (LC),MG,,5405.0,http://amphibiaweb.org/species/5405,
17,Mantellidae,0000 0000 0510 0613,,Anura,Blommersia angolafa,,,,,,,,,,,,,,,,,
18,Mantellidae,1111 1111 1111 8048,57467,Anura,Blommersia blommersae,http://amphibiaweb.org/sounds/Blommersia_blommersae.mp3,Anura,Mantellidae,Mantellinae,Blommersia,,blommersae,,Blommersia blommersae,,Mantidactylus blommersae,Least Concern (LC),MG,,4585.0,http://amphibiaweb.org/species/4585,
19,Mantellidae,0000 0000 0215 4150,,Anura,Blommersia dejongi,,,,,,,,,,,,,,,,,
20,Mantellidae,1111 1111 1111 1170,57477,Anura,Blommersia domerguei,http://amphibiaweb.org/sounds/Blommersia_domerguei.mp3,Anura,Mantellidae,Mantellinae,Blommersia,,domerguei,,Blommersia domerguei,,Mantidactylus domerguei,Least Concern (LC),MG,,4593.0,http://amphibiaweb.org/species/4593,
21,Mantellidae,,,Anura,Blommersia galani,,,,,,,,,,,,,,,,,
22,Mantellidae,1111 1111 1111 8050,57485,Anura,Blommersia grandisonae,http://amphibiaweb.org/sounds/Blommersia_grandisonae.mp3,Anura,Mantellidae,Mantellinae,Blommersia,,grandisonae,,Blommersia grandisonae,,Mantidactylus grandisonae,Least Concern (LC),MG,,4600.0,http://amphibiaweb.org/species/4600,
23,Mantellidae,1111 1111 1111 8051,57491,Anura,Blommersia kely,http://amphibiaweb.org/sounds/Blommersia_kely.mp3,Anura,Mantellidae,Mantellinae,Blommersia,,kely,,Blommersia kely,,Mantidactylus kely,Least Concern (LC),MG,,4605.0,http://amphibiaweb.org/species/4605,
24,Mantellidae,1111 1111 1111 8052,57519,Anura,Blommersia sarotra,http://amphibiaweb.org/sounds/Blommersia_sarotra.mp3,Anura,Mantellidae,Mantellinae,Blommersia,,sarotra,,Blommersia sarotra,,Mantidactylus sarotra,Data Deficient (DD),MG,,6558.0,http://amphibiaweb.org/species/6558,
25,Mantellidae,0000 0000 0112 1029,,Anura,Blommersia variabilis,,,,,,,,,,,,,,,,,
26,Mantellidae,1111 1111 1111 4484,57533,Anura,Blommersia wittei,http://amphibiaweb.org/sounds/Blommersia_wittei.mp3,Anura,Mantellidae,Mantellinae,Blommersia,,wittei,,Blommersia wittei,,Mantidactylus wittei,Least Concern (LC),MG,,4631.0,http://amphibiaweb.org/species/4631,
27,Mantellidae,1111 1111 1111 8042,57505,Anura,Boehmantis microtympanum,,Anura,Mantellidae,Mantellinae,Boehmantis,,microtympanum,,Boehmantis microtympanum,,Mantidactylus microtympanum,Endangered (EN),MG,,4615.0,http://amphibiaweb.org/species/4615,
28,Mantellidae,1111 1111 1111 1217,57386,Anura,Boophis albilabris,http://amphibiaweb.org/sounds/Boophis_albilabris.mp3,Anura,Mantellidae,Boophinae,Boophis,Boophis,albilabris,,Boophis albilabris,,,Least Concern (LC),MG,,4328.0,http://amphibiaweb.org/species/4328,
29,Mantellidae,1111 1111 1111 8200,57387,Anura,Boophis albipunctatus,http://amphibiaweb.org/sounds/Boophis_albipunctatus.mp3,Anura,Mantellidae,Boophinae,Boophis,Boophis,albipunctatus,,Boophis albipunctatus,,,Least Concern (LC),MG,,4329.0,http://amphibiaweb.org/species/4329,
30,Mantellidae,1111 1111 1111 1227,57388,Anura,Boophis andohahela,http://amphibiaweb.org/sounds/Boophis_andohahela.mp3,Anura,Mantellidae,Boophinae,Boophis,Boophis,andohahela,,Boophis andohahela,,,Data Deficient (DD),MG,,4330.0,http://amphibiaweb.org/species/4330,
31,Mantellidae,0000 0000 0211 1113,,Anura,Boophis andrangoloaka,,,,,,,,,,,,,,,,,
32,Mantellidae,1111 1111 1111 5853,57389,Anura,Boophis andreonei,http://amphibiaweb.org/sounds/Boophis_andreonei.mp3,Anura,Mantellidae,Boophinae,Boophis,Boophis,andreonei,,Boophis andreonei,,,Vulnerable (VU),MG,,4331.0,http://amphibiaweb.org/species/4331,
33,Mantellidae,1111 1111 1111 1226,57390,Anura,Boophis anjanaharibeensis,http://amphibiaweb.org/sounds/Boophis_anjanaharibeensis.mp3,Anura,Mantellidae,Boophinae,Boophis,Boophis,anjanaharibeensis,,Boophis anjanaharibeensis,,,Data Deficient (DD),MG,,5778.0,http://amphibiaweb.org/species/5778,
34,Mantellidae,,,Anura,Boophis ankarafensis,,,,,,,,,,,,,,,,,
35,Mantellidae,1111 1111 1111 2362,57391,Anura,Boophis ankaratra,http://amphibiaweb.org/sounds/Boophis_ankaratra.mp3,Anura,Mantellidae,Boophinae,Boophis,Boophis,ankaratra,,Boophis ankaratra,,,Least Concern (LC),MG,,4332.0,http://amphibiaweb.org/species/4332,
36,Mantellidae,,,Anura,Boophis arcanus,,,,,,,,,,,,,,,,,
37,Mantellidae,1111 1111 1111 8181,135812,Anura,Boophis axelmeyeri,http://amphibiaweb.org/sounds/Boophis_axelmeyeri.mp3,Anura,Mantellidae,Boophinae,Boophis,Boophis,axelmeyeri,,Boophis axelmeyeri,,,Vulnerable (VU),MG,,6731.0,http://amphibiaweb.org/species/6731,
38,Mantellidae,0000 0000 0910 1118,,Anura,Boophis baetkei,,,,,,,,,,,,,,,,,
39,Mantellidae,1111 1111 1111 1154,57392,Anura,Boophis blommersae,http://amphibiaweb.org/sounds/Boophis_blommersae.mp3,Anura,Mantellidae,Boophinae,Boophis,Boophis,blommersae,,Boophis blommersae,,,Vulnerable (VU),MG,,4333.0,http://amphibiaweb.org/species/4333,
40,Mantellidae,1111 1111 1111 1124,57393,Anura,Boophis boehmei,http://amphibiaweb.org/sounds/Boophis_boehmei.mp3,Anura,Mantellidae,Boophinae,Boophis,Boophis,boehmei,,Boophis boehmei,,,Least Concern (LC),MG,,4334.0,http://amphibiaweb.org/species/4334,
41,Mantellidae,,,Anura,Boophis boppa,,,,,,,,,,,,,,,,,
42,Mantellidae,1111 1111 1111 8203,57394,Anura,Boophis bottae,http://amphibiaweb.org/sounds/Boophis_bottae.mp3,Anura,Mantellidae,Boophinae,Boophis,Boophis,bottae,,Boophis bottae,,,Least Concern (LC),MG,,6037.0,http://amphibiaweb.org/species/6037,
43,Mantellidae,1111 1111 1111 1155,57395,Anura,Boophis brachychir,http://amphibiaweb.org/sounds/Boophis_brachychir.mp3,Anura,Mantellidae,Boophinae,Boophis,Boophis,brachychir,,Boophis brachychir,,,Data Deficient (DD),MG,,4335.0,http://amphibiaweb.org/species/4335,
44,Mantellidae,1111 1111 1111 1156,57396,Anura,Boophis burgeri,http://amphibiaweb.org/sounds/Boophis_burgeri.mp3,Anura,Mantellidae,Boophinae,Boophis,Boophis,burgeri,,Boophis burgeri,,,Data Deficient (DD),MG,,4336.0,http://amphibiaweb.org/species/4336,
45,Mantellidae,0000 0000 1010 1946,,Anura,Boophis calcaratus,,,,,,,,,,,,,,,,,
46,Mantellidae,1111 1111 1111 8160,57397,Anura,Boophis doulioti,http://amphibiaweb.org/sounds/Boophis_doulioti.mp3,Anura,Mantellidae,Boophinae,Boophis,Sahona,doulioti,,Boophis doulioti,,,Least Concern (LC),MG,,6168.0,http://amphibiaweb.org/species/6168,
47,Mantellidae,1111 1111 1111 2313,57398,Anura,Boophis elenae,http://amphibiaweb.org/sounds/Boophis_elenae.mp3,Anura,Mantellidae,Boophinae,Boophis,Boophis,elenae,,Boophis elenae,,,Data Deficient (DD),MG,,4338.0,http://amphibiaweb.org/species/4338,
48,Mantellidae,1111 1111 1111 8193,57399,Anura,Boophis englaenderi,http://amphibiaweb.org/sounds/Boophis_englaenderi.mp3,Anura,Mantellidae,Boophinae,Boophis,Boophis,englaenderi,,Boophis englaenderi,,,Data Deficient (DD),MG,,4339.0,http://amphibiaweb.org/species/4339,
49,Mantellidae,0000 0000 0910 1119,,Anura,Boophis entingae,,,,,,,,,,,,,,,,,
50,Mantellidae,1111 1111 1111 1157,57400,Anura,Boophis erythrodactylus,http://amphibiaweb.org/sounds/Boophis_erythrodactylus.mp3,Anura,Mantellidae,Boophinae,Boophis,Boophis,erythrodactylus,,Boophis erythrodactylus,,,Least Concern (LC),MG,,4340.0,http://amphibiaweb.org/species/4340,
51,Mantellidae,0000 0000 0112 1008,,Anura,Boophis fayi,,,,,,,,,,,,,,,,,
52,Mantellidae,1111 1111 1111 8172,57401,Anura,Boophis feonnyala,http://amphibiaweb.org/sounds/Boophis_feonnyala.mp3,Anura,Mantellidae,Boophinae,Boophis,Boophis,feonnyala,,Boophis feonnyala,,,Data Deficient (DD),MG,,5931.0,http://amphibiaweb.org/species/5931,
53,Mantellidae,1111 1111 1111 1126,57402,Anura,Boophis goudotii,,Anura,Mantellidae,Boophinae,Boophis,Boophis,goudotii,,Boophis goudotii,,,Least Concern (LC),MG,,4341.0,http://amphibiaweb.org/species/4341,
54,Mantellidae,1111 1111 1111 1160,57403,Anura,Boophis guibei,http://amphibiaweb.org/sounds/Boophis_guibei.mp3,Anura,Mantellidae,Boophinae,Boophis,Sahona,guibei,,Boophis guibei,,,Least Concern (LC),MG,,4342.0,http://amphibiaweb.org/species/4342,
55,Mantellidae,1111 1111 1111 8175,57404,Anura,Boophis haematopus,http://amphibiaweb.org/sounds/Boophis_haematopus.mp3,Anura,Mantellidae,Boophinae,Boophis,Boophis,haematopus,,Boophis haematopus,,,Vulnerable (VU),MG,,5929.0,http://amphibiaweb.org/species/5929,
56,Mantellidae,,,Anura,Boophis haingana,,,,,,,,,,,,,,,,,
57,Mantellidae,1111 1111 1111 8164,57406,Anura,Boophis idae,http://amphibiaweb.org/sounds/Boophis_idae.mp3,Anura,Mantellidae,Boophinae,Boophis,Sahona,idae,,Boophis idae,Boophis hillenii,,Least Concern (LC),MG,,4344.0,http://amphibiaweb.org/species/4344,
58,Mantellidae,1111 1111 1111 5854,57407,Anura,Boophis jaegeri,http://amphibiaweb.org/sounds/Boophis_jaegeri.mp3,Anura,Mantellidae,Boophinae,Boophis,Boophis,jaegeri,,Boophis jaegeri,,,Vulnerable (VU),MG,,4345.0,http://amphibiaweb.org/species/4345,
59,Mantellidae,1111 1111 1111 8168,57408,Anura,Boophis laurenti,http://amphibiaweb.org/sounds/Boophis_laurenti.mp3,Anura,Mantellidae,Boophinae,Boophis,Boophis,laurenti,,Boophis laurenti,,,Data Deficient (DD),MG,,4346.0,http://amphibiaweb.org/species/4346,
60,Mantellidae,1111 1111 1111 8208,57409,Anura,Boophis liami,http://amphibiaweb.org/sounds/Boophis_liami.mp3,Anura,Mantellidae,Boophinae,Boophis,Boophis,liami,,Boophis liami,,,Data Deficient (DD),MG,,6209.0,http://amphibiaweb.org/species/6209,
61,Mantellidae,1111 1111 1111 1224,29433,Anura,Boophis lichenoides,,Anura,Mantellidae,Boophinae,Boophis,Sahona,lichenoides,"Liken treefrog, Lichen treefrog",Boophis lichenoides,,,Least Concern (LC),MG,,5420.0,http://amphibiaweb.org/species/5420,
62,Mantellidae,0000 0000 0815 3447,164890,Anura,Boophis lilianae,,Anura,Mantellidae,Boophinae,Boophis,Boophis,lilianae,,Boophis lilianae,,,Data Deficient (DD),MG,,7147.0,http://amphibiaweb.org/species/7147,
63,Mantellidae,0000 0000 0810 0001,,Anura,Boophis luciae,,,,,,,,,,,,,,,,,
64,Mantellidae,1111 1111 1111 1220,57410,Anura,Boophis luteus,http://amphibiaweb.org/sounds/Boophis_luteus.mp3,Anura,Mantellidae,Boophinae,Boophis,Boophis,luteus,,Boophis luteus,,,Least Concern (LC),MG,,4347.0,http://amphibiaweb.org/species/4347,
65,Mantellidae,1111 1111 1111 1593,57411,Anura,Boophis madagascariensis,http://amphibiaweb.org/sounds/Boophis_madagascariensis.mp3,Anura,Mantellidae,Boophinae,Boophis,Boophis,madagascariensis,,Boophis madagascariensis,,,Least Concern (LC),MG,,4348.0,http://amphibiaweb.org/species/4348,
66,Mantellidae,1111 1111 1111 1162,57412,Anura,Boophis majori,http://amphibiaweb.org/sounds/Boophis_majori.mp3,Anura,Mantellidae,Boophinae,Boophis,Boophis,majori,,Boophis majori,,,Near Threatened (NT),MG,,4349.0,http://amphibiaweb.org/species/4349,
67,Mantellidae,1111 1111 1111 8207,57413,Anura,Boophis mandraka,http://amphibiaweb.org/sounds/Boophis_mandraka.mp3,Anura,Mantellidae,Boophinae,Boophis,Boophis,mandraka,,Boophis mandraka,,,Data Deficient (DD),MG,,4350.0,http://amphibiaweb.org/species/4350,
68,Mantellidae,1111 1111 1111 2349,57414,Anura,Boophis marojezensis,http://amphibiaweb.org/sounds/Boophis_marojezensis.mp3,Anura,Mantellidae,Boophinae,Boophis,Boophis,marojezensis,,Boophis marojezensis,,,Least Concern (LC),MG,,4351.0,http://amphibiaweb.org/species/4351,
69,Mantellidae,,,Anura,Boophis miadana,,,,,,,,,,,,,,,,,
70,Mantellidae,1111 1111 1111 8167,57415,Anura,Boophis microtympanum,http://amphibiaweb.org/sounds/Boophis_microtympanum.mp3,Anura,Mantellidae,Boophinae,Boophis,Boophis,microtympanum,,Boophis microtympanum,,,Least Concern (LC),MG,,4353.0,http://amphibiaweb.org/species/4353,
71,Mantellidae,1111 1111 1111 8171,57416,Anura,Boophis miniatus,http://amphibiaweb.org/sounds/Boophis_miniatus.mp3,Anura,Mantellidae,Boophinae,Boophis,Boophis,miniatus,,Boophis miniatus,,,Least Concern (LC),MG,,4354.0,http://amphibiaweb.org/species/4354,
72,Mantellidae,0000 0000 1212 0831,,Anura,Boophis narinsi,,,,,,,,,,,,,,,,,
73,Mantellidae,0000 0000 0915 2348,,Anura,Boophis obscurus,,,,,,,,,,,,,,,,,
74,Mantellidae,0000 0000 0902 0460,57417,Anura,Boophis occidentalis,,Anura,Mantellidae,Boophinae,Boophis,Boophis,occidentalis,Western white lipped treefrog,Boophis occidentalis,,,Near Threatened (NT),MG,,6022.0,http://amphibiaweb.org/species/6022,
75,Mantellidae,1111 1111 1111 1163,57418,Anura,Boophis opisthodon,http://amphibiaweb.org/sounds/Boophis_opisthodon.mp3,Anura,Mantellidae,Boophinae,Boophis,Sahona,opisthodon,,Boophis opisthodon,,,Least Concern (LC),MG,,4355.0,http://amphibiaweb.org/species/4355,
76,Mantellidae,1111 1111 1111 1164,57419,Anura,Boophis pauliani,,Anura,Mantellidae,Boophinae,Boophis,Sahona,pauliani,,Boophis pauliani,,,Least Concern (LC),MG,,4356.0,http://amphibiaweb.org/species/4356,
77,Mantellidae,1111 1111 1111 4467,57420,Anura,Boophis periegetes,http://amphibiaweb.org/sounds/Boophis_periegetes.mp3,Anura,Mantellidae,Boophinae,Boophis,Boophis,periegetes,,Boophis periegetes,,,Data Deficient (DD),MG,,4357.0,http://amphibiaweb.org/species/4357,
78,Mantellidae,1111 1111 1111 1153,57421,Anura,Boophis picturatus,http://amphibiaweb.org/sounds/Boophis_picturatus.mp3,Anura,Mantellidae,Boophinae,Boophis,Boophis,picturatus,,Boophis picturatus,,,Least Concern (LC),MG,,5930.0,http://amphibiaweb.org/species/5930,
79,Mantellidae,,,Anura,Boophis piperatus,,,,,,,,,,,,,,,,,
80,Mantellidae,0000 0000 0112 1014,,Anura,Boophis popi,,,,,,,,,,,,,,,,,
81,Mantellidae,,,Anura,Boophis praedictus,,,,,,,,,,,,,,,,,
82,Mantellidae,1111 1111 1111 8174,57422,Anura,Boophis pyrrhus,http://amphibiaweb.org/sounds/Boophis_pyrrhus.mp3,Anura,Mantellidae,Boophinae,Boophis,Boophis,pyrrhus,,Boophis pyrrhus,,,Least Concern (LC),MG,,5928.0,http://amphibiaweb.org/species/5928,
83,Mantellidae,0000 0000 0311 1781,,Anura,Boophis quasiboehmei,,,,,,,,,,,,,,,,,
84,Mantellidae,0000 0000 1008 0393,57423,Anura,Boophis rappiodes,http://amphibiaweb.org/sounds/Boophis_rappiodes.mp3,Anura,Mantellidae,Boophinae,Boophis,Boophis,rappiodes,,Boophis rappiodes,,,Least Concern (LC),MG,,4358.0,http://amphibiaweb.org/species/4358,
85,Mantellidae,1111 1111 1111 2315,57424,Anura,Boophis reticulatus,http://amphibiaweb.org/sounds/Boophis_reticulatus.mp3,Anura,Mantellidae,Boophinae,Boophis,Boophis,reticulatus,,Boophis reticulatus,,,Least Concern (LC),MG,,4359.0,http://amphibiaweb.org/species/4359,
86,Mantellidae,1111 1111 1111 2348,57425,Anura,Boophis rhodoscelis,http://amphibiaweb.org/sounds/Boophis_rhodoscelis.mp3,Anura,Mantellidae,Boophinae,Boophis,Boophis,rhodoscelis,,Boophis rhodoscelis,,,Near Threatened (NT),MG,,4360.0,http://amphibiaweb.org/species/4360,
87,Mantellidae,0000 0000 0909 1510,,Anura,Boophis roseipalmatus,,,,,,,,,,,,,,,,,
88,Mantellidae,1111 1111 1111 1737,57426,Anura,Boophis rufioculis,http://amphibiaweb.org/sounds/Boophis_rufioculis.mp3,Anura,Mantellidae,Boophinae,Boophis,Boophis,rufioculis,,Boophis rufioculis,,,Near Threatened (NT),MG,,5779.0,http://amphibiaweb.org/species/5779,
89,Mantellidae,1111 1111 1111 8209,61836,Anura,Boophis sambirano,http://amphibiaweb.org/sounds/Boophis_sambirano.mp3,Anura,Mantellidae,Boophinae,Boophis,Boophis,sambirano,,Boophis sambirano,,,Vulnerable (VU),MG,,6543.0,http://amphibiaweb.org/species/6543,
90,Mantellidae,0000 0000 0910 1750,,Anura,Boophis sandrae,,,,,,,,,,,,,,,,,
91,Mantellidae,1111 1111 1111 8199,57427,Anura,Boophis schuboeae,http://amphibiaweb.org/sounds/Boophis_schuboeae.mp3,Anura,Mantellidae,Boophinae,Boophis,Boophis,schuboeae,,Boophis schuboeae,,,Data Deficient (DD),MG,,6769.0,http://amphibiaweb.org/species/6769,
92,Mantellidae,1111 1111 1111 1225,57428,Anura,Boophis septentrionalis,http://amphibiaweb.org/sounds/Boophis_septentrionalis.mp3,Anura,Mantellidae,Boophinae,Boophis,Boophis,septentrionalis,,Boophis septentrionalis,,Boophis septentionalis,Data Deficient (DD),MG,,6770.0,http://amphibiaweb.org/species/6770,
93,Mantellidae,1111 1111 1111 8201,57429,Anura,Boophis sibilans,http://amphibiaweb.org/sounds/Boophis_sibilans.mp3,Anura,Mantellidae,Boophinae,Boophis,Boophis,sibilans,,Boophis sibilans,,,Data Deficient (DD),MG,,4361.0,http://amphibiaweb.org/species/4361,
94,Mantellidae,,57430,Anura,Boophis solomaso,,Anura,Mantellidae,Boophinae,Boophis,Boophis,solomaso,,Boophis solomaso,,,Data Deficient (DD),MG,,6210.0,http://amphibiaweb.org/species/6210,
95,Mantellidae,,,Anura,Boophis spinophis,,,,,,,,,,,,,,,,,
96,Mantellidae,0000 0000 0910 1120,136112,Anura,Boophis tampoka,,Anura,Mantellidae,Boophinae,Boophis,Boophis,tampoka,,Boophis tampoka,,,Endangered (EN),MG,,7161.0,http://amphibiaweb.org/species/7161,
97,Mantellidae,1111 1111 1111 2347,57431,Anura,Boophis tasymena,http://amphibiaweb.org/sounds/Boophis_tasymena.mp3,Anura,Mantellidae,Boophinae,Boophis,Boophis,tasymena,,Boophis tasymena,,,Least Concern (LC),MG,,6038.0,http://amphibiaweb.org/species/6038,
98,Mantellidae,1111 1111 1111 8159,57432,Anura,Boophis tephraeomystax,http://amphibiaweb.org/sounds/Boophis_tephraeomystax.mp3,Anura,Mantellidae,Boophinae,Boophis,Sahona,tephraeomystax,,Boophis tephraeomystax,,,Least Concern (LC),MG,,4362.0,http://amphibiaweb.org/species/4362,
99,Mantellidae,,,Anura,Boophis tsilomaro,,,,,,,,,,,,,,,,,
100,Mantellidae,,,Anura,Boophis ulftunni,,,,,,,,,,,,,,,,,
101,Mantellidae,1335 3153 0220 0054,57433,Anura,Boophis viridis,http://amphibiaweb.org/sounds/Boophis_viridis.mp3,Anura,Mantellidae,Boophinae,Boophis,Boophis,viridis,,Boophis viridis,,,Least Concern (LC),MG,,4363.0,http://amphibiaweb.org/species/4363,
102,Mantellidae,1111 1111 1111 8179,57434,Anura,Boophis vittatus,http://amphibiaweb.org/sounds/Boophis_vittatus.mp3,Anura,Mantellidae,Boophinae,Boophis,Boophis,vittatus,,Boophis vittatus,,,Least Concern (LC),MG,,5932.0,http://amphibiaweb.org/species/5932,
103,Mantellidae,1111 1111 1111 8169,57435,Anura,Boophis williamsi,,Anura,Mantellidae,Boophinae,Boophis,Boophis,williamsi,,Boophis williamsi,,,Critically Endangered (CR),MG,,4364.0,http://amphibiaweb.org/species/4364,
104,Mantellidae,1111 1111 1111 8166,57436,Anura,Boophis xerophilus,http://amphibiaweb.org/sounds/Boophis_xerophilus.mp3,Anura,Mantellidae,Boophinae,Boophis,Sahona,xerophilus,,Boophis xerophilus,,,Data Deficient (DD),MG,,5780.0,http://amphibiaweb.org/species/5780,
105,Mantellidae,1111 1111 1111 8097,57458,Anura,Gephyromantis ambohitra,http://amphibiaweb.org/sounds/Gephyromantis_ambohitra.mp3,Anura,Mantellidae,Mantellinae,Gephyromantis,Duboimantis,ambohitra,,Gephyromantis ambohitra,,Mantidactylus ambohitra,Vulnerable (VU),MG,,5934.0,http://amphibiaweb.org/species/5934,
106,Mantellidae,0177 3303 2106 0080,57461,Anura,Gephyromantis asper,http://amphibiaweb.org/sounds/Gephyromantis_asper.mp3,Anura,Mantellidae,Mantellinae,Gephyromantis,Duboimantis,asper,,Gephyromantis asper,,Mantidactylus asper,Least Concern (LC),MG,,4580.0,http://amphibiaweb.org/species/4580,
107,Mantellidae,0000 0000 0611 1407,,Anura,Gephyromantis atsingy,,,,,,,,,,,,,,,,,
108,Mantellidae,,136160,Anura,Gephyromantis azzurrae,,Anura,Mantellidae,Mantellinae,Gephyromantis,Phylacomantis,azzurrae,,Gephyromantis azzurrae,,,Endangered (EN),MG,,6985.0,http://amphibiaweb.org/species/6985,
109,Mantellidae,1111 1111 1111 8099,57466,Anura,Gephyromantis blanci,http://amphibiaweb.org/sounds/Gephyromantis_blanci.mp3,Anura,Mantellidae,Mantellinae,Gephyromantis,Gephyromantis,blanci,,Gephyromantis blanci,,Mantidactylus blanci,Near Threatened (NT),MG,,6169.0,http://amphibiaweb.org/species/6169,
110,Mantellidae,1111 1111 1111 1136,57468,Anura,Gephyromantis boulengeri,http://amphibiaweb.org/sounds/Gephyromantis_boulengeri.mp3,Anura,Mantellidae,Mantellinae,Gephyromantis,Gephyromantis,boulengeri,,Gephyromantis boulengeri,,Mantidactylus boulengeri,Least Concern (LC),MG,,4586.0,http://amphibiaweb.org/species/4586,
111,Mantellidae,1111 1111 1111 8101,57472,Anura,Gephyromantis cornutus,http://amphibiaweb.org/sounds/Gephyromantis_cornutus.mp3,Anura,Mantellidae,Mantellinae,Gephyromantis,Duboimantis,cornutus,,Gephyromantis cornutus,,Mantidactylus cornutus,Data Deficient (DD),MG,,4588.0,http://amphibiaweb.org/species/4588,
112,Mantellidae,1111 1111 1111 1137,57473,Anura,Gephyromantis corvus,http://amphibiaweb.org/sounds/Gephyromantis_corvus.mp3,Anura,Mantellidae,Mantellinae,Gephyromantis,Phylacomantis,corvus,,Gephyromantis corvus,,Mantidactylus corvus,Endangered (EN),MG,,4589.0,http://amphibiaweb.org/species/4589,
113,Mantellidae,1111 1111 1111 8103,57475,Anura,Gephyromantis decaryi,http://amphibiaweb.org/sounds/Gephyromantis_decaryi.mp3,Anura,Mantellidae,Mantellinae,Gephyromantis,Gephyromantis,decaryi,,Gephyromantis decaryi,,Mantidactylus decaryi,Near Threatened (NT),MG,,4591.0,http://amphibiaweb.org/species/4591,
114,Mantellidae,1111 1111 1111 8104,57478,Anura,Gephyromantis eiselti,http://amphibiaweb.org/sounds/Gephyromantis_eiselti.mp3,Anura,Mantellidae,Mantellinae,Gephyromantis,Gephyromantis,eiselti,,Gephyromantis eiselti,,Mantidactylus eiselti,Data Deficient (DD),MG,,4594.0,http://amphibiaweb.org/species/4594,
115,Mantellidae,1111 1111 1111 8105,57480,Anura,Gephyromantis enki,http://amphibiaweb.org/sounds/Gephyromantis_enki.mp3,Anura,Mantellidae,Mantellinae,Gephyromantis,Gephyromantis,enki,,Gephyromantis enki,,Mantidactylus enki,Data Deficient (DD),MG,,6064.0,http://amphibiaweb.org/species/6064,
116,Mantellidae,,,Anura,Gephyromantis hintelmannae,,,,,,,,,,,,,,,,,
117,Mantellidae,1111 1111 1111 8107,57489,Anura,Gephyromantis horridus,,Anura,Mantellidae,Mantellinae,Gephyromantis,Laurentomantis,horridus,,Gephyromantis horridus,,"Mantidactylus horridus, Hemimantis horrida, Laurentomantis horrida",Endangered (EN),MG,,4604.0,http://amphibiaweb.org/species/4604,
118,Mantellidae,1111 1111 1111 8108,57492,Anura,Gephyromantis klemmeri,http://amphibiaweb.org/sounds/Gephyromantis_klemmeri.mp3,Anura,Mantellidae,Mantellinae,Gephyromantis,,klemmeri,,Gephyromantis klemmeri,,Mantidactylus klemmeri,Vulnerable (VU),MG,,4606.0,http://amphibiaweb.org/species/4606,
119,Mantellidae,1111 1111 1111 6033,57493,Anura,Gephyromantis leucocephalus,http://amphibiaweb.org/sounds/Gephyromantis_leucocephalus.mp3,Anura,Mantellidae,Mantellinae,Gephyromantis,Gephyromantis,leucocephalus,,Gephyromantis leucocephalus,,Mantidactylus leucocephalus,Near Threatened (NT),MG,,6555.0,http://amphibiaweb.org/species/6555,
120,Mantellidae,1111 1111 1111 5859,57494,Anura,Gephyromantis leucomaculatus,http://amphibiaweb.org/sounds/Gephyromantis_leucomaculatus.mp3,Anura,Mantellidae,Mantellinae,Gephyromantis,Duboimantis,leucomaculatus,,Gephyromantis leucomaculatus,,Mantidactylus leucomaculatus,Near Threatened (NT),MG,,4607.0,http://amphibiaweb.org/species/4607,
121,Mantellidae,1111 1111 1111 4483,57497,Anura,Gephyromantis luteus,,Anura,Mantellidae,Mantellinae,Gephyromantis,Duboimantis,luteus,,Gephyromantis luteus,,Mantidactylus luteus,Least Concern (LC),MG,,4610.0,http://amphibiaweb.org/species/4610,
122,Mantellidae,,,Anura,Gephyromantis mafy,,,,,,,,,,,,,,,,,
123,Mantellidae,0000 0000 0310 0575,57501,Anura,Gephyromantis malagasius,http://amphibiaweb.org/sounds/Gephyromantis_malagasius.mp3,Anura,Mantellidae,Mantellinae,Gephyromantis,Laurentomantis,malagasius,,Gephyromantis malagasius,,"Mantidactylus malagasius, Microphryne malagasia, Trachymantis malagasia",Least Concern (LC),MG,,4613.0,http://amphibiaweb.org/species/4613,
124,Mantellidae,1111 1111 1111 2345,57507,Anura,Gephyromantis moseri,http://amphibiaweb.org/sounds/Gephyromantis_moseri.mp3,Anura,Mantellidae,Mantellinae,Gephyromantis,Duboimantis,moseri,,Gephyromantis moseri,,Mantidactylus moseri,Least Concern (LC),MG,,6032.0,http://amphibiaweb.org/species/6032,
125,Mantellidae,1111 1111 1111 8113,57512,Anura,Gephyromantis plicifer,http://amphibiaweb.org/sounds/Gephyromantis_plicifer.mp3,Anura,Mantellidae,Mantellinae,Gephyromantis,Duboimantis,plicifer,,Gephyromantis plicifer,,"Mantidactylus plicifer, Rana plicifera",Near Threatened (NT),MG,,4619.0,http://amphibiaweb.org/species/4619,
126,Mantellidae,1111 1111 1111 8114,57513,Anura,Gephyromantis pseudoasper,http://amphibiaweb.org/sounds/Gephyromantis_pseudoasper.mp3,Anura,Mantellidae,Mantellinae,Gephyromantis,Phylacomantis,pseudoasper,,Gephyromantis pseudoasper,,Mantidactylus pseudoasper,Least Concern (LC),MG,,4620.0,http://amphibiaweb.org/species/4620,
127,Mantellidae,,,Anura,Gephyromantis ranjomavo,,,,,,,,,,,,,,,,,
128,Mantellidae,1111 1111 1111 2343,57516,Anura,Gephyromantis redimitus,http://amphibiaweb.org/sounds/Gephyromantis_redimitus.mp3,Anura,Mantellidae,Mantellinae,Gephyromantis,Duboimantis,redimitus,,Gephyromantis redimitus,,Mantidactylus redimitus,Least Concern (LC),MG,,4623.0,http://amphibiaweb.org/species/4623,
129,Mantellidae,1111 1111 1111 1139,57517,Anura,Gephyromantis rivicola,http://amphibiaweb.org/sounds/Gephyromantis_rivicola.mp3,Anura,Mantellidae,Mantellinae,Gephyromantis,Vatomantis,rivicola,,Gephyromantis rivicola,,Mantidactylus rivicola,Vulnerable (VU),MG,,5633.0,http://amphibiaweb.org/species/5633,
130,Mantellidae,,135867,Anura,Gephyromantis runewsweeki,http://amphibiaweb.org/sounds/Gephyromantis_runewsweeki.mp3,Anura,Mantellidae,Mantellinae,Gephyromantis,Gephyromantis,runewsweeki,,Gephyromantis runewsweeki,,,Endangered (EN),MG,,6955.0,http://amphibiaweb.org/species/6955,
131,Mantellidae,1111 1111 1111 2050,57518,Anura,Gephyromantis salegy,http://amphibiaweb.org/sounds/Gephyromantis_salegy_M_luteus1.wav,Anura,Mantellidae,Mantellinae,Gephyromantis,Duboimantis,salegy,Salegy forest frog,Gephyromantis salegy,,Mantidactylus salegy,Vulnerable (VU),MG,,6208.0,http://amphibiaweb.org/species/6208,
132,Mantellidae,1111 1111 1111 8117,57520,Anura,Gephyromantis schilfi,http://amphibiaweb.org/sounds/Gephyromantis_schilfi.mp3,Anura,Mantellidae,Mantellinae,Gephyromantis,Duboimantis,schilfi,,Gephyromantis schilfi,,Mantidactylus schilfi,Vulnerable (VU),MG,,6171.0,http://amphibiaweb.org/species/6171,
133,Mantellidae,1111 1111 1111 8118,57521,Anura,Gephyromantis sculpturatus,http://amphibiaweb.org/sounds/Gephyromantis_sculpturatus.mp3,Anura,Mantellidae,Mantellinae,Gephyromantis,Duboimantis,sculpturatus,,Gephyromantis sculpturatus,,Mantidactylus sculpturatus,Least Concern (LC),MG,,5933.0,http://amphibiaweb.org/species/5933,
134,Mantellidae,1111 1111 1111 2367,57522,Anura,Gephyromantis silvanus,http://amphibiaweb.org/sounds/Gephyromantis_silvanus.mp3,Anura,Mantellidae,Mantellinae,Gephyromantis,Vatomantis,silvanus,,Gephyromantis silvanus,,Mantidactylus silvanus,Endangered (EN),MG,,5634.0,http://amphibiaweb.org/species/5634,
135,Mantellidae,0000 0000 0915 2355,57523,Anura,Gephyromantis spiniferus,,Anura,Mantellidae,Mantellinae,Gephyromantis,Duboimantis,spiniferus,,Gephyromantis spiniferus,,Mantidactylus spiniferus,Near Threatened (NT),MG,,4624.0,http://amphibiaweb.org/species/4624,
136,Mantellidae,1111 1111 1111 8120,57524,Anura,Gephyromantis striatus,http://amphibiaweb.org/sounds/Gephyromantis_striatus.mp3,Anura,Mantellidae,Mantellinae,Gephyromantis,Laurentomantis,striatus,,Gephyromantis striatus,,Mantidactylus striatus,Vulnerable (VU),MG,,6025.0,http://amphibiaweb.org/species/6025,
137,Mantellidae,0000 0000 0611 1405,,Anura,Gephyromantis tahotra,,,,,,,,,,,,,,,,,
138,Mantellidae,1111 1111 1111 8121,57525,Anura,Gephyromantis tandroka,http://amphibiaweb.org/sounds/Gephyromantis_tandroka.mp3,Anura,Mantellidae,Mantellinae,Gephyromantis,Duboimantis,tandroka,,Gephyromantis tandroka,,Mantidactylus tandroka,Vulnerable (VU),MG,,6172.0,http://amphibiaweb.org/species/6172,
139,Mantellidae,1111 1111 1111 8122,57526,Anura,Gephyromantis thelenae,http://amphibiaweb.org/sounds/Gephyromantis_thelenae.mp3,Anura,Mantellidae,Mantellinae,Gephyromantis,Gephyromantis,thelenae,,Gephyromantis thelenae,,Mantidactylus thelenae,Data Deficient (DD),MG,,4627.0,http://amphibiaweb.org/species/4627,
140,Mantellidae,1111 1111 1111 8123,57529,Anura,Gephyromantis tschenki,http://amphibiaweb.org/sounds/Gephyromantis_tschenki.mp3,Anura,Mantellidae,Mantellinae,Gephyromantis,Duboimantis,tschenki,,Gephyromantis tschenki,,Mantidactylus tschenki,Data Deficient (DD),MG,,6174.0,http://amphibiaweb.org/species/6174,
141,Mantellidae,1111 1111 1111 8124,57531,Anura,Gephyromantis ventrimaculatus,http://amphibiaweb.org/sounds/Gephyromantis_ventrimaculatus.mp3,Anura,Mantellidae,Mantellinae,Gephyromantis,Laurentomantis,ventrimaculatus,,Gephyromantis ventrimaculatus,,Mantidactylus ventrimaculatus,Least Concern (LC),MG,,4629.0,http://amphibiaweb.org/species/4629,
142,Mantellidae,,,Anura,Gephyromantis verrucosus,,,,,,,,,,,,,,,,,
143,Mantellidae,1111 1111 1111 1140,57532,Anura,Gephyromantis webbi,http://amphibiaweb.org/sounds/Gephyromantis_webbi.mp3,Anura,Mantellidae,Mantellinae,Gephyromantis,Vatomantis,webbi,,Gephyromantis webbi,,Mantidactylus webbi,Endangered (EN),MG,,4630.0,http://amphibiaweb.org/species/4630,
144,Mantellidae,1111 1111 1111 5870,57534,Anura,Gephyromantis zavona,http://amphibiaweb.org/sounds/Gephyromantis_zavona.mp3,Anura,Mantellidae,Mantellinae,Gephyromantis,Duboimantis,zavona,,Gephyromantis zavona,,Mantidactylus zavona,Data Deficient (DD),MG,,6559.0,http://amphibiaweb.org/species/6559,
145,Mantellidae,1111 1111 1111 7890,57455,Anura,Guibemantis albolineatus,,Anura,Mantellidae,Mantellinae,Guibemantis,Pandanusicola,albolineatus,,Guibemantis albolineatus,,Mantidactylus albolineatus,Data Deficient (DD),MG,,4575.0,http://amphibiaweb.org/species/4575,
146,Mantellidae,0000 0000 0811 3181,,Anura,Guibemantis annulatus,,,,,,,,,,,,,,,,,
147,Mantellidae,1111 1111 1111 0229,57464,Anura,Guibemantis bicalcaratus,,Anura,Mantellidae,Mantellinae,Guibemantis,Pandanusicola,bicalcaratus,,Guibemantis bicalcaratus,,Mantidactylus bicalcaratus,Least Concern (LC),MG,,4584.0,http://amphibiaweb.org/species/4584,
148,Mantellidae,1111 1111 1111 7892,57476,Anura,Guibemantis depressiceps,http://amphibiaweb.org/sounds/Guibemantis_depressiceps.mp3,Anura,Mantellidae,Mantellinae,Guibemantis,Guibemantis,depressiceps,,Guibemantis depressiceps,,Mantidactylus depressiceps,Least Concern (LC),MG,,4592.0,http://amphibiaweb.org/species/4592,
149,Mantellidae,1111 1111 1111 7893,57483,Anura,Guibemantis flavobrunneus,,Anura,Mantellidae,Mantellinae,Guibemantis,Pandanusicola,flavobrunneus,,Guibemantis flavobrunneus,,Mantidactylus flavobrunneus,Least Concern (LC),MG,,4598.0,http://amphibiaweb.org/species/4598,
150,Mantellidae,1111 1111 1111 7894,57490,Anura,Guibemantis kathrinae,,Anura,Mantellidae,Mantellinae,Guibemantis,Guibemantis,kathrinae,,Guibemantis kathrinae,,Mantidactylus kathrinae,Data Deficient (DD),MG,,6771.0,http://amphibiaweb.org/species/6771,
151,Mantellidae,1111 1111 1111 2216,57495,Anura,Guibemantis liber,http://amphibiaweb.org/sounds/Guibemantis_liber.mp3,Anura,Mantellidae,Mantellinae,Guibemantis,Pandanusicola,liber,,Guibemantis liber,,Mantidactylus liber,Least Concern (LC),MG,,4608.0,http://amphibiaweb.org/species/4608,
152,Mantellidae,,,Anura,Guibemantis methueni,,,,,,,,,,,,,,,,,
153,Mantellidae,1111 1111 1111 7896,57514,Anura,Guibemantis pulcher,,Anura,Mantellidae,Mantellinae,Guibemantis,Pandanusicola,pulcher,,Guibemantis pulcher,,Mantidactylus pulcher,Least Concern (LC),MG,,4621.0,http://amphibiaweb.org/species/4621,
154,Mantellidae,1111 1111 1111 6007,57515,Anura,Guibemantis punctatus,,Anura,Mantellidae,Mantellinae,Guibemantis,Pandanusicola,punctatus,,Guibemantis punctatus,,Mantidactylus punctatus,Data Deficient (DD),MG,,4622.0,http://amphibiaweb.org/species/4622,
155,Mantellidae,,,Anura,Guibemantis tasifotsy,,,,,,,,,,,,,,,,,
156,Mantellidae,1111 1111 1111 7898,61837,Anura,Guibemantis timidus,http://amphibiaweb.org/sounds/Guibemantis_timidus.mp3,Anura,Mantellidae,Mantellinae,Guibemantis,Guibemantis,timidus,,Guibemantis timidus,,Mantidactylus timidus,Least Concern (LC),MG,,6520.0,http://amphibiaweb.org/species/6520,
157,Mantellidae,1111 1111 1111 1604,57527,Anura,Guibemantis tornieri,http://amphibiaweb.org/sounds/Guibemantis_tornieri.mp3,Anura,Mantellidae,Mantellinae,Guibemantis,Guibemantis,tornieri,,Guibemantis tornieri,,Mantidactylus tornieri,Least Concern (LC),MG,,4625.0,http://amphibiaweb.org/species/4625,
158,Mantellidae,0000 0000 0811 2990,,Anura,Guibemantis wattersoni,,,,,,,,,,,,,,,,,
159,Mantellidae,1111 1111 1111 1132,57437,Anura,Laliostoma labrosum,http://amphibiaweb.org/sounds/Laliostoma_labrosum.mp3,Anura,Mantellidae,Laliostominae,Laliostoma,,labrosum,,Laliostoma labrosum,,,Least Concern (LC),MG,,5202.0,http://amphibiaweb.org/species/5202,
160,Mantellidae,0000 0000 0303 0023,12776,Anura,Mantella aurantiaca,http://amphibiaweb.org/sounds/Mantella_aurantiaca.mp3,Anura,Mantellidae,Mantellinae,Mantella,,aurantiaca,Golden Mantella,Mantella aurantiaca,,,Critically Endangered (CR),MG,,4559.0,http://amphibiaweb.org/species/4559,
161,Mantellidae,1111 1111 1111 8027,57438,Anura,Mantella baroni,http://amphibiaweb.org/sounds/Mantella_baroni.mp3,Anura,Mantellidae,Mantellinae,Mantella,,baroni,,Mantella baroni,,,Least Concern (LC),MG,,4560.0,http://amphibiaweb.org/species/4560,
162,Mantellidae,1111 1111 1111 1168,57439,Anura,Mantella bernhardi,http://amphibiaweb.org/sounds/Mantella_bernhardi.mp3,Anura,Mantellidae,Mantellinae,Mantella,,bernhardi,,Mantella bernhardi,,,Endangered (EN),MG,,4562.0,http://amphibiaweb.org/species/4562,
163,Mantellidae,1111 1111 1111 1134,57440,Anura,Mantella betsileo,,Anura,Mantellidae,Mantellinae,Mantella,,betsileo,,Mantella betsileo,,,Least Concern (LC),MG,,4561.0,http://amphibiaweb.org/species/4561,
164,Mantellidae,1111 1111 1111 1951,57441,Anura,Mantella cowanii,http://amphibiaweb.org/sounds/Mantella_cowanii.mp3,Anura,Mantellidae,Mantellinae,Mantella,,cowanii,Harlequin Mantella,Mantella cowanii,,,Critically Endangered (CR),MG,,4563.0,http://amphibiaweb.org/species/4563,
165,Mantellidae,1111 1111 1111 2357,57442,Anura,Mantella crocea,http://amphibiaweb.org/sounds/Mantella_crocea.mp3,Anura,Mantellidae,Mantellinae,Mantella,,crocea,,Mantella crocea,,,Endangered (EN),MG,,4564.0,http://amphibiaweb.org/species/4564,
166,Mantellidae,1111 1111 1111 5860,135777,Anura,Mantella ebenaui,http://amphibiaweb.org/sounds/Mantella_ebenaui.mp3,Anura,Mantellidae,Mantellinae,Mantella,,ebenaui,,Mantella ebenaui,,,Least Concern (LC),MG,,6768.0,http://amphibiaweb.org/species/6768,
167,Mantellidae,1111 1111 1111 2213,57443,Anura,Mantella expectata,http://amphibiaweb.org/sounds/Mantella_expectata.mp3,Anura,Mantellidae,Mantellinae,Mantella,,expectata,"Blue-legged mantella, expected mantella, canyon mantella",Mantella expectata,,,Endangered (EN),MG,,4565.0,http://amphibiaweb.org/species/4565,
168,Mantellidae,1111 1111 1111 2358,57444,Anura,Mantella haraldmeieri,http://amphibiaweb.org/sounds/Mantella_haraldmeieri.mp3,Anura,Mantellidae,Mantellinae,Mantella,,haraldmeieri,,Mantella haraldmeieri,,,Vulnerable (VU),MG,,4566.0,http://amphibiaweb.org/species/4566,
169,Mantellidae,1111 1111 1111 2354,57445,Anura,Mantella laevigata,http://amphibiaweb.org/sounds/Mantella_laevigata.mp3,Anura,Mantellidae,Mantellinae,Mantella,,laevigata,,Mantella laevigata,,,Near Threatened (NT),MG,,4567.0,http://amphibiaweb.org/species/4567,
170,Mantellidae,1111 1111 1111 2356,57446,Anura,Mantella madagascariensis,,Anura,Mantellidae,Mantellinae,Mantella,,madagascariensis,,Mantella madagascariensis,,,Vulnerable (VU),MG,,5529.0,http://amphibiaweb.org/species/5529,
171,Mantellidae,1111 1111 1111 8037,57447,Anura,Mantella manery,,Anura,Mantellidae,Mantellinae,Mantella,,manery,,Mantella manery,,,Vulnerable (VU),MG,,6557.0,http://amphibiaweb.org/species/6557,
172,Mantellidae,1111 1111 1111 1766,57448,Anura,Mantella milotympanum,http://amphibiaweb.org/sounds/Mantella_milotympanum.mp3,Anura,Mantellidae,Mantellinae,Mantella,,milotympanum,,Mantella milotympanum,,,Critically Endangered (CR),MG,,6103.0,http://amphibiaweb.org/species/6103,
173,Mantellidae,1111 1111 1111 2368,57449,Anura,Mantella nigricans,http://amphibiaweb.org/sounds/Mantella_nigricans.mp3,Anura,Mantellidae,Mantellinae,Mantella,,nigricans,,Mantella nigricans,,,Least Concern (LC),MG,,6023.0,http://amphibiaweb.org/species/6023,
174,Mantellidae,1111 1111 1111 2351,57450,Anura,Mantella pulchra,http://amphibiaweb.org/sounds/Mantella_pulchra.mp3,Anura,Mantellidae,Mantellinae,Mantella,,pulchra,,Mantella pulchra,,,Vulnerable (VU),MG,,4568.0,http://amphibiaweb.org/species/4568,
175,Mantellidae,1111 1111 1111 1135,57451,Anura,Mantella viridis,http://amphibiaweb.org/sounds/Mantella_viridis.mp3,Anura,Mantellidae,Mantellinae,Mantella,,viridis,,Mantella viridis,,,Endangered (EN),MG,,4569.0,http://amphibiaweb.org/species/4569,
176,Mantellidae,1111 1111 1111 6013,57452,Anura,Mantidactylus aerumnalis,,Anura,Mantellidae,Mantellinae,Mantidactylus,Chonomantis,aerumnalis,,Mantidactylus aerumnalis,,,Least Concern (LC),MG,,4572.0,http://amphibiaweb.org/species/4572,
177,Mantellidae,0000 0000 1008 1576,57454,Anura,Mantidactylus albofrenatus,http://amphibiaweb.org/sounds/Mantidactylus_albofrenatus.mp3,Anura,Mantellidae,Mantellinae,Mantidactylus,Chonomantis,albofrenatus,,Mantidactylus albofrenatus,,,Data Deficient (DD),MG,,4574.0,http://amphibiaweb.org/species/4574,
178,Mantellidae,1111 1111 1111 1169,57456,Anura,Mantidactylus alutus,http://amphibiaweb.org/sounds/Mantidactylus_alutus.mp3,Anura,Mantellidae,Mantellinae,Mantidactylus,Brygoomantis,alutus,,Mantidactylus alutus,,,Least Concern (LC),MG,,4576.0,http://amphibiaweb.org/species/4576,
179,Mantellidae,,57457,Anura,Mantidactylus ambohimitombi,,Anura,Mantellidae,Mantellinae,Mantidactylus,Brygoomantis,ambohimitombi,,Mantidactylus ambohimitombi,,,Data Deficient (DD),MG,,4577.0,http://amphibiaweb.org/species/4577,
180,Mantellidae,1111 1111 1111 8138,57459,Anura,Mantidactylus ambreensis,http://amphibiaweb.org/sounds/Mantidactylus_ambreensis.mp3,Anura,Mantellidae,Mantellinae,Mantidactylus,Ochthomantis,ambreensis,,Mantidactylus ambreensis,,,Least Concern (LC),MG,,4578.0,http://amphibiaweb.org/species/4578,
181,Mantellidae,1111 1111 1111 1181,57460,Anura,Mantidactylus argenteus,http://amphibiaweb.org/sounds/Mantidactylus_argenteus.mp3,Anura,Mantellidae,Mantellinae,Mantidactylus,Maitsomantis,argenteus,,Mantidactylus argenteus,,,Least Concern (LC),MG,,4579.0,http://amphibiaweb.org/species/4579,
182,Mantellidae,1111 1111 1111 8155,135902,Anura,Mantidactylus bellyi,http://amphibiaweb.org/sounds/Mantidactylus_bellyi.mp3,Anura,Mantellidae,Mantellinae,Mantidactylus,Brygoomantis,bellyi,,Mantidactylus bellyi,,,Least Concern (LC),MG,,6764.0,http://amphibiaweb.org/species/6764,
183,Mantellidae,1111 1111 1111 2341,57463,Anura,Mantidactylus betsileanus,http://amphibiaweb.org/sounds/Mantidactylus_betsileanus.mp3,Anura,Mantellidae,Mantellinae,Mantidactylus,Brygoomantis,betsileanus,,Mantidactylus betsileanus,,,Least Concern (LC),MG,,4582.0,http://amphibiaweb.org/species/4582,
184,Mantellidae,1111 1111 1111 8148,57465,Anura,Mantidactylus biporus,,Anura,Mantellidae,Mantellinae,Mantidactylus,Brygoomantis,biporus,,Mantidactylus biporus,,,Least Concern (LC),MG,,4583.0,http://amphibiaweb.org/species/4583,
185,Mantellidae,1111 1111 1111 8152,135792,Anura,Mantidactylus bourgati,,Anura,Mantellidae,Mantellinae,Mantidactylus,Brygoomantis,bourgati,,Mantidactylus bourgati,,,Data Deficient (DD),MG,,6765.0,http://amphibiaweb.org/species/6765,
186,Mantellidae,1111 1111 1111 6012,57469,Anura,Mantidactylus brevipalmatus,http://amphibiaweb.org/sounds/Mantidactylus_brevipalmatus.mp3,Anura,Mantellidae,Mantellinae,Mantidactylus,Chonomantis,brevipalmatus,,Mantidactylus brevipalmatus,,,Least Concern (LC),MG,,4587.0,http://amphibiaweb.org/species/4587,
187,Mantellidae,1111 1111 1111 8132,57471,Anura,Mantidactylus charlotteae,,Anura,Mantellidae,Mantellinae,Mantidactylus,Chonomantis,charlotteae,,Mantidactylus charlotteae,,,Least Concern (LC),MG,,6241.0,http://amphibiaweb.org/species/6241,
188,Mantellidae,1111 1111 1111 7941,135907,Anura,Mantidactylus cowanii,,Anura,Mantellidae,Mantellinae,Mantidactylus,Hylobatrachus,cowanii,,Mantidactylus cowanii,,,Near Threatened (NT),MG,,6766.0,http://amphibiaweb.org/species/6766,
189,Mantellidae,1111 1111 1111 7936,57474,Anura,Mantidactylus curtus,,Anura,Mantellidae,Mantellinae,Mantidactylus,Brygoomantis,curtus,,Mantidactylus curtus,,,Least Concern (LC),MG,,4590.0,http://amphibiaweb.org/species/4590,
190,Mantellidae,1111 1111 1111 8137,136059,Anura,Mantidactylus delormei,http://amphibiaweb.org/sounds/Mantidactylus_delormei.mp3,Anura,Mantellidae,Mantellinae,Mantidactylus,Chonomantis,delormei,,Mantidactylus delormei,,,Vulnerable (VU),MG,,6767.0,http://amphibiaweb.org/species/6767,
191,Mantellidae,1111 1111 1111 6014,57481,Anura,Mantidactylus femoralis,,Anura,Mantellidae,Mantellinae,Mantidactylus,Ochthomantis,femoralis,,Mantidactylus femoralis,,,Least Concern (LC),MG,,4596.0,http://amphibiaweb.org/species/4596,
192,Mantellidae,1111 1111 1111 1138,57484,Anura,Mantidactylus grandidieri,,Anura,Mantellidae,Mantellinae,Mantidactylus,Mantidactylus,grandidieri,,Mantidactylus grandidieri,,,Least Concern (LC),MG,,4599.0,http://amphibiaweb.org/species/4599,
193,Mantellidae,1111 1111 1111 2366,57488,Anura,Mantidactylus guttulatus,http://amphibiaweb.org/sounds/Mantidactylus_guttulatus.mp3,Anura,Mantellidae,Mantellinae,Mantidactylus,Mantidactylus,guttulatus,,Mantidactylus guttulatus,,,Least Concern (LC),MG,,4603.0,http://amphibiaweb.org/species/4603,
194,Mantellidae,1111 1111 1111 1674,57496,Anura,Mantidactylus lugubris,http://amphibiaweb.org/sounds/Mantidactylus_lugubris.mp3,Anura,Mantellidae,Mantellinae,Mantidactylus,Hylobatrachus,lugubris,,Mantidactylus lugubris,,,Least Concern (LC),MG,,4609.0,http://amphibiaweb.org/species/4609,
195,Mantellidae,1111 1111 1111 8149,57498,Anura,Mantidactylus madecassus,,Anura,Mantellidae,Mantellinae,Mantidactylus,Brygoomantis,madecassus,,Mantidactylus madecassus,,,Endangered (EN),MG,,4611.0,http://amphibiaweb.org/species/4611,
196,Mantellidae,1111 1111 1111 1184,57500,Anura,Mantidactylus majori,,Anura,Mantellidae,Mantellinae,Mantidactylus,Ochthomantis,majori,,Mantidactylus majori,,,Least Concern (LC),MG,,4612.0,http://amphibiaweb.org/species/4612,
197,Mantellidae,1111 1111 1111 6035,57503,Anura,Mantidactylus melanopleura,http://amphibiaweb.org/sounds/Mantidactylus_melanopleura.mp3,Anura,Mantellidae,Mantellinae,Mantidactylus,Chonomantis,melanopleura,,Mantidactylus melanopleura,,,Least Concern (LC),MG,,6239.0,http://amphibiaweb.org/species/6239,
198,Mantellidae,1111 1111 1111 8140,57506,Anura,Mantidactylus mocquardi,,Anura,Mantellidae,Mantellinae,Mantidactylus,Ochthomantis,mocquardi,,Mantidactylus mocquardi,,,Least Concern (LC),MG,,4616.0,http://amphibiaweb.org/species/4616,
199,Mantellidae,,136048,Anura,Mantidactylus noralottae,,Anura,Mantellidae,Mantellinae,Mantidactylus,Brygoomantis,noralottae,,Mantidactylus noralottae,,,Vulnerable (VU),MG,,6986.0,http://amphibiaweb.org/species/6986,
200,Mantellidae,1111 1111 1111 8135,57508,Anura,Mantidactylus opiparis,http://amphibiaweb.org/sounds/Mantidactylus_opiparis.mp3,Anura,Mantellidae,Mantellinae,Mantidactylus,Chonomantis,opiparis,,Mantidactylus opiparis,,,Least Concern (LC),MG,,4617.0,http://amphibiaweb.org/species/4617,
201,Mantellidae,,,Anura,Mantidactylus paidroa,,,,,,,,,,,,,,,,,
202,Mantellidae,1111 1111 1111 7940,57509,Anura,Mantidactylus pauliani,,Anura,Mantellidae,Mantellinae,Mantidactylus,Brygoomantis,pauliani,,Mantidactylus pauliani,,,Critically Endangered (CR),MG,,6556.0,http://amphibiaweb.org/species/6556,
203,Mantellidae,1111 1111 1111 8146,57528,Anura,Mantidactylus tricinctus,http://amphibiaweb.org/sounds/Mantidactylus_tricinctus.mp3,Anura,Mantellidae,Mantellinae,Mantidactylus,Brygoomantis,tricinctus,,Mantidactylus tricinctus,,,Data Deficient (DD),MG,,6173.0,http://amphibiaweb.org/species/6173,
204,Mantellidae,1111 1111 1111 8154,57530,Anura,Mantidactylus ulcerosus,http://amphibiaweb.org/sounds/Mantidactylus_ulcerosus.mp3,Anura,Mantellidae,Mantellinae,Mantidactylus,Brygoomantis,ulcerosus,,Mantidactylus ulcerosus,,,Least Concern (LC),MG,,4628.0,http://amphibiaweb.org/species/4628,
205,Mantellidae,1111 1111 1111 8133,57535,Anura,Mantidactylus zipperi,http://amphibiaweb.org/sounds/Mantidactylus_zipperi.mp3,Anura,Mantellidae,Mantellinae,Mantidactylus,Chonomantis,zipperi,,Mantidactylus zipperi,,,Least Concern (LC),MG,,6240.0,http://amphibiaweb.org/species/6240,
206,Mantellidae,1111 1111 1111 8141,57536,Anura,Mantidactylus zolitschka,,Anura,Mantellidae,Mantellinae,Mantidactylus,Ochthomantis,zolitschka,,Mantidactylus zolitschka,,,Data Deficient (DD),MG,,6560.0,http://amphibiaweb.org/species/6560,
207,Mantellidae,1111 1111 1111 4782,57453,Anura,Spinomantis aglavei,http://amphibiaweb.org/sounds/Spinomantis_aglavei.mp3,Anura,Mantellidae,Mantellinae,Spinomantis,,aglavei,,Spinomantis aglavei,,Mantidactylus aglavei,Least Concern (LC),MG,,4573.0,http://amphibiaweb.org/species/4573,
208,Mantellidae,1111 1111 1111 5861,57462,Anura,Spinomantis bertini,http://amphibiaweb.org/sounds/Spinomantis_bertini.mp3,Anura,Mantellidae,Mantellinae,Spinomantis,,bertini,,Spinomantis bertini,,Mantidactylus bertini,Near Threatened (NT),MG,,4581.0,http://amphibiaweb.org/species/4581,
209,Mantellidae,1111 1111 1111 1681,57470,Anura,Spinomantis brunae,,Anura,Mantellidae,Mantellinae,Spinomantis,,brunae,Bruna's Madagascan stream frog,Spinomantis brunae,,Mantidactylus brunae,Endangered (EN),MG,,6091.0,http://amphibiaweb.org/species/6091,
210,Mantellidae,1111 1111 1111 1171,57479,Anura,Spinomantis elegans,,Anura,Mantellidae,Mantellinae,Spinomantis,,elegans,,Spinomantis elegans,,Mantidactylus elegans,Vulnerable (VU),MG,,4595.0,http://amphibiaweb.org/species/4595,
211,Mantellidae,1111 1111 1111 2370,57482,Anura,Spinomantis fimbriatus,http://amphibiaweb.org/sounds/Spinomantis_fimbriatus.mp3,Anura,Mantellidae,Mantellinae,Spinomantis,,fimbriatus,,Spinomantis fimbriatus,,Mantidactylus fimbriatus,Least Concern (LC),MG,,4597.0,http://amphibiaweb.org/species/4597,
212,Mantellidae,1111 1111 1111 8008,57487,Anura,Spinomantis guibei,http://amphibiaweb.org/sounds/Spinomantis_guibei.mp3,Anura,Mantellidae,Mantellinae,Spinomantis,,guibei,,Spinomantis guibei,,Mantidactylus guibei,Endangered (EN),MG,,4602.0,http://amphibiaweb.org/species/4602,
213,Mantellidae,1111 1111 1111 8009,57502,Anura,Spinomantis massi,http://amphibiaweb.org/sounds/Spinomantis_massi.mp3,Anura,Mantellidae,Mantellinae,Spinomantis,,massi,,Spinomantis massi,,"Mantidactylus massorum, Spinomantis massorum",Vulnerable (VU),MG,,4614.0,http://amphibiaweb.org/species/4614,
214,Mantellidae,1111 1111 1111 8010,57504,Anura,Spinomantis microtis,,Anura,Mantellidae,Mantellinae,Spinomantis,,microtis,,Spinomantis microtis,,Mantidactylus microtis,Endangered (EN),MG,,4352.0,http://amphibiaweb.org/species/4352,
215,Mantellidae,,,Anura,Spinomantis nussbaumi,,,,,,,,,,,,,,,,,
216,Mantellidae,1111 1111 1111 1174,57510,Anura,Spinomantis peraccae,http://amphibiaweb.org/sounds/Spinomantis_peraccae.mp3,Anura,Mantellidae,Mantellinae,Spinomantis,,peraccae,,Spinomantis peraccae,,Mantidactylus peraccae,Least Concern (LC),MG,,4618.0,http://amphibiaweb.org/species/4618,
217,Mantellidae,1111 1111 1111 2344,57511,Anura,Spinomantis phantasticus,http://amphibiaweb.org/sounds/Spinomantis_phantasticus.mp3,Anura,Mantellidae,Mantellinae,Spinomantis,,phantasticus,,Spinomantis phantasticus,,Mantidactylus phantasticus,Least Concern (LC),MG,,5632.0,http://amphibiaweb.org/species/5632,
218,Mantellidae,,,Anura,Spinomantis tavaratra,,,,,,,,,,,,,,,,,
219,Mantellidae,1111 1111 1111 8043,135798,Anura,Tsingymantis antitra,,Anura,Mantellidae,Mantellinae,Tsingymantis,,antitra,,Tsingymantis antitra,,,Vulnerable (VU),MG,,6818.0,http://amphibiaweb.org/species/6818,
220,Mantellidae,1111 1111 1111 8025,57499,Anura,Wakea madinika,,Anura,Mantellidae,Mantellinae,Wakea,,madinika,,Wakea madinika,,Mantidactylus madinika,Data Deficient (DD),MG,,6063.0,http://amphibiaweb.org/species/6063,
221,Microhylidae,1111 1111 1111 2317,57674,Anura,Anodonthyla boulengerii,http://amphibiaweb.org/sounds/Anodonthyla_boulengerii.mp3,Anura,Microhylidae,Cophylinae,Anodonthyla,,boulengerii,,Anodonthyla boulengerii,,,Least Concern (LC),MG,,2326.0,http://amphibiaweb.org/species/2326,
222,Microhylidae,,,Anura,Anodonthyla emilei,,,,,,,,,,,,,,,,,
223,Microhylidae,0000 0000 0913 0985,136168,Anura,Anodonthyla hutchisoni,,Anura,Microhylidae,Cophylinae,Anodonthyla,,hutchisoni,,Anodonthyla hutchisoni,,,Data Deficient (DD),MG,,6923.0,http://amphibiaweb.org/species/6923,
224,Microhylidae,,,Anura,Anodonthyla jeanbai,,,,,,,,,,,,,,,,,
225,Microhylidae,1111 1111 1111 1119,57675,Anura,Anodonthyla montana,,Anura,Microhylidae,Cophylinae,Anodonthyla,,montana,,Anodonthyla montana,,,Vulnerable (VU),MG,,2327.0,http://amphibiaweb.org/species/2327,
226,Microhylidae,1111 1111 1111 8059,136055,Anura,Anodonthyla moramora,http://amphibiaweb.org/sounds/Anodonthyla_moramora.mp3,Anura,Microhylidae,Cophylinae,Anodonthyla,,moramora,,Anodonthyla moramora,,,Data Deficient (DD),MG,,6568.0,http://amphibiaweb.org/species/6568,
227,Microhylidae,1111 1111 1111 1152,57676,Anura,Anodonthyla nigrigularis,http://amphibiaweb.org/sounds/Anodonthyla_nigrigularis.mp3,Anura,Microhylidae,Cophylinae,Anodonthyla,,nigrigularis,,Anodonthyla nigrigularis,,,Data Deficient (DD),MG,,2328.0,http://amphibiaweb.org/species/2328,
228,Microhylidae,,,Anura,Anodonthyla pollicaris,,,,,,,,,,,,,,,,,
229,Microhylidae,1111 1111 1111 8061,57677,Anura,Anodonthyla rouxae,,Anura,Microhylidae,Cophylinae,Anodonthyla,,rouxae,,Anodonthyla rouxae,,,Endangered (EN),MG,,2329.0,http://amphibiaweb.org/species/2329,
230,Microhylidae,,,Anura,Anodonthyla theoi,,,,,,,,,,,,,,,,,
231,Microhylidae,0000 0000 0314 2592,,Anura,Anodonthyla vallani,,,,,,,,,,,,,,,,,
232,Microhylidae,1111 1111 1111 6009,61849,Anura,Cophyla berara,http://amphibiaweb.org/sounds/Cophyla_berara.mp3,Anura,Microhylidae,Cophylinae,Cophyla,,berara,,Cophyla berara,,,Critically Endangered (CR),MG,,6571.0,http://amphibiaweb.org/species/6571,
233,Microhylidae,,,Anura,Cophyla maharapeo,,,,,,,,,,,,,,,,,
234,Microhylidae,0000 0000 0815 3665,,Anura,Cophyla noromalalae,,,,,,,,,,,,,,,,,
235,Microhylidae,1111 1111 1111 2382,57960,Anura,Cophyla occultans,http://amphibiaweb.org/sounds/Cophyla_occultans.mp3,Anura,Microhylidae,Cophylinae,Cophyla,,occultans,,Cophyla occultans,,Platypelis occultans,Data Deficient (DD),MG,,2340.0,http://amphibiaweb.org/species/2340,
236,Microhylidae,1111 1111 1111 1165,57792,Anura,Cophyla phyllodactyla,http://amphibiaweb.org/sounds/Cophyla_phyllodactyla.mp3,Anura,Microhylidae,Cophylinae,Cophyla,,phyllodactyla,,Cophyla phyllodactyla,,,Least Concern (LC),MG,,2331.0,http://amphibiaweb.org/species/2331,
237,Microhylidae,,,Anura,Cophyla puellarum,,,,,,,,,,,,,,,,,
238,Microhylidae,1111 1111 1111 4806,6937,Anura,Dyscophus antongilii,http://amphibiaweb.org/sounds/Dyscophus_antongilii.mp3,Anura,Microhylidae,Dyscophinae,Dyscophus,,antongilii,Tomato Frog,Dyscophus antongilii,,,Near Threatened (NT),MG,,5530.0,http://amphibiaweb.org/species/5530,
239,Microhylidae,1111 1111 1111 1128,57805,Anura,Dyscophus guineti,http://amphibiaweb.org/sounds/Dyscophus_guineti.mp3,Anura,Microhylidae,Dyscophinae,Dyscophus,,guineti,,Dyscophus guineti,,,Least Concern (LC),MG,,5531.0,http://amphibiaweb.org/species/5531,
240,Microhylidae,0000 0000 1209 2668,57806,Anura,Dyscophus insularis,http://amphibiaweb.org/sounds/Dyscophus_insularis.mp3,Anura,Microhylidae,Dyscophinae,Dyscophus,,insularis,,Dyscophus insularis,,,Least Concern (LC),MG,,5532.0,http://amphibiaweb.org/species/5532,
241,Microhylidae,,57867,Anura,Madecassophryne truebae,,Anura,Microhylidae,Cophylinae,Madecassophryne,,truebae,,Madecassophryne truebae,,,Endangered (EN),MG,,2333.0,http://amphibiaweb.org/species/2333,
242,Microhylidae,1111 1111 1111 7865,57945,Anura,Paradoxophyla palmata,http://amphibiaweb.org/sounds/Paradoxophyla_palmata.mp3,Anura,Microhylidae,Scaphiophryninae,Paradoxophyla,,palmata,,Paradoxophyla palmata,,,Least Concern (LC),MG,,2070.0,http://amphibiaweb.org/species/2070,
243,Microhylidae,1111 1111 1111 4804,136176,Anura,Paradoxophyla tiarano,,Anura,Microhylidae,Scaphiophryninae,Paradoxophyla,,tiarano,,Paradoxophyla tiarano,,,Data Deficient (DD),MG,,6720.0,http://amphibiaweb.org/species/6720,
244,Microhylidae,,57954,Anura,Platypelis alticola,,Anura,Microhylidae,Cophylinae,Platypelis,,alticola,,Platypelis alticola,,,Endangered (EN),MG,,2335.0,http://amphibiaweb.org/species/2335,
245,Microhylidae,1111 1111 1111 2379,57955,Anura,Platypelis barbouri,http://amphibiaweb.org/sounds/Platypelis_barbouri.mp3,Anura,Microhylidae,Cophylinae,Platypelis,,barbouri,,Platypelis barbouri,,,Least Concern (LC),MG,,2336.0,http://amphibiaweb.org/species/2336,
246,Microhylidae,,57956,Anura,Platypelis cowanii,,Anura,Microhylidae,Cophylinae,Platypelis,,cowanii,,Platypelis cowanii,,,Data Deficient (DD),MG,,2337.0,http://amphibiaweb.org/species/2337,
247,Microhylidae,1111 1111 1111 1141,57957,Anura,Platypelis grandis,http://amphibiaweb.org/sounds/Platypelis_grandis.mp3,Anura,Microhylidae,Cophylinae,Platypelis,,grandis,,Platypelis grandis,,,Least Concern (LC),MG,,2338.0,http://amphibiaweb.org/species/2338,
248,Microhylidae,,,Anura,Platypelis karenae,,,,,,,,,,,,,,,,,
249,Microhylidae,1111 1111 1111 2324,57958,Anura,Platypelis mavomavo,,Anura,Microhylidae,Cophylinae,Platypelis,,mavomavo,"Yellowish Tree Cophyline Frog (English), cofilno arboreo giallastro (Italian), sahonkely mavomavo (Malagasy)",Platypelis mavomavo,,,Endangered (EN),MG,,6261.0,http://amphibiaweb.org/species/6261,
250,Microhylidae,1111 1111 1111 1176,57959,Anura,Platypelis milloti,http://amphibiaweb.org/sounds/Platypelis_milloti.mp3,Anura,Microhylidae,Cophylinae,Platypelis,,milloti,,Platypelis milloti,,,Endangered (EN),MG,,2339.0,http://amphibiaweb.org/species/2339,
251,Microhylidae,,,Anura,Platypelis olgae,,,,,,,,,,,,,,,,,
252,Microhylidae,1111 1111 1111 8071,57961,Anura,Platypelis pollicaris,http://amphibiaweb.org/sounds/Platypelis_pollicaris.mp3,Anura,Microhylidae,Cophylinae,Platypelis,,pollicaris,,Platypelis pollicaris,,,Data Deficient (DD),MG,,2341.0,http://amphibiaweb.org/species/2341,
253,Microhylidae,,,Anura,Platypelis ravus,,,,,,,,,,,,,,,,,
254,Microhylidae,1111 1111 1111 2323,57962,Anura,Platypelis tetra,http://amphibiaweb.org/sounds/Platypelis_tetra.wav,Anura,Microhylidae,Cophylinae,Platypelis,,tetra,"Four-spotted tree cophyline frog (English), cofilino degli alberi dalle quattro macchie (Italian), sahonkely anatihazo misi tebok'efatra (Malagasy)",Platypelis tetra,,,Endangered (EN),MG,,6260.0,http://amphibiaweb.org/species/6260,
255,Microhylidae,1111 1111 1111 2380,57963,Anura,Platypelis tsaratananaensis,,Anura,Microhylidae,Cophylinae,Platypelis,,tsaratananaensis,,Platypelis tsaratananaensis,,,Vulnerable (VU),MG,,2342.0,http://amphibiaweb.org/species/2342,
256,Microhylidae,1111 1111 1111 2340,57964,Anura,Platypelis tuberifera,http://amphibiaweb.org/sounds/Platypelis_tuberifera.mp3,Anura,Microhylidae,Cophylinae,Platypelis,,tuberifera,,Platypelis tuberifera,,,Least Concern (LC),MG,,2343.0,http://amphibiaweb.org/species/2343,
257,Microhylidae,1111 1111 1111 8073,57967,Anura,Plethodontohyla bipunctata,,Anura,Microhylidae,Cophylinae,Plethodontohyla,,bipunctata,,Plethodontohyla bipunctata,,,Least Concern (LC),MG,,2347.0,http://amphibiaweb.org/species/2347,
258,Microhylidae,1111 1111 1111 8074,57968,Anura,Plethodontohyla brevipes,,Anura,Microhylidae,Cophylinae,Plethodontohyla,,brevipes,,Plethodontohyla brevipes,,,Endangered (EN),MG,,2348.0,http://amphibiaweb.org/species/2348,
259,Microhylidae,0000 0000 0112 1028,136186,Anura,Plethodontohyla fonetana,,Anura,Microhylidae,Cophylinae,Plethodontohyla,,fonetana,,Plethodontohyla fonetana,,,Endangered (EN),MG,,6980.0,http://amphibiaweb.org/species/6980,
260,Microhylidae,,135750,Anura,Plethodontohyla guentheri,,Anura,Microhylidae,Cophylinae,Plethodontohyla,,guentheri,,Plethodontohyla guentheri,,,Data Deficient (DD),MG,,6936.0,http://amphibiaweb.org/species/6936,
261,Microhylidae,1111 1111 1111 2337,57972,Anura,Plethodontohyla inguinalis,,Anura,Microhylidae,Cophylinae,Plethodontohyla,,inguinalis,,Plethodontohyla inguinalis,,,Least Concern (LC),MG,,2351.0,http://amphibiaweb.org/species/2351,
262,Microhylidae,1111 1111 1111 4464,57974,Anura,Plethodontohyla mihanika,,Anura,Microhylidae,Cophylinae,Plethodontohyla,,mihanika,,Plethodontohyla mihanika,,,Least Concern (LC),MG,,6219.0,http://amphibiaweb.org/species/6219,
263,Microhylidae,1111 1111 1111 1142,57976,Anura,Plethodontohyla notosticta,http://amphibiaweb.org/sounds/Plethodontohyla_notosticta.mp3,Anura,Microhylidae,Cophylinae,Plethodontohyla,,notosticta,,Plethodontohyla notosticta,,,Least Concern (LC),MG,,2354.0,http://amphibiaweb.org/species/2354,
264,Microhylidae,1111 1111 1111 8078,57977,Anura,Plethodontohyla ocellata,,Anura,Microhylidae,Cophylinae,Plethodontohyla,,ocellata,,Plethodontohyla ocellata,,,Least Concern (LC),MG,,2355.0,http://amphibiaweb.org/species/2355,
265,Microhylidae,1111 1111 1111 1177,57979,Anura,Plethodontohyla tuberata,,Anura,Microhylidae,Cophylinae,Plethodontohyla,,tuberata,,Plethodontohyla tuberata,,,Vulnerable (VU),MG,,2357.0,http://amphibiaweb.org/species/2357,
266,Microhylidae,1111 1111 1111 2338,57965,Anura,Rhombophryne alluaudi,http://amphibiaweb.org/sounds/Rhombophryne_alluaudi.mp3,Anura,Microhylidae,Cophylinae,Rhombophryne,,alluaudi,,Rhombophryne alluaudi,,Plethodontohyla alluaudi,Least Concern (LC),MG,,2345.0,http://amphibiaweb.org/species/2345,
267,Microhylidae,0000 0000 0314 2611,57969,Anura,Rhombophryne coronata,http://amphibiaweb.org/sounds/Rhombophryne_coronata.mp3,Anura,Microhylidae,Cophylinae,Rhombophryne,,coronata,,Rhombophryne coronata,,Plethodontohyla coronata,Vulnerable (VU),MG,,6396.0,http://amphibiaweb.org/species/6396,
268,Microhylidae,1111 1111 1111 4786,57970,Anura,Rhombophryne coudreaui,,Anura,Microhylidae,Cophylinae,Rhombophryne,,coudreaui,,Rhombophryne coudreaui,,Plethodontohyla coudreaui,Vulnerable (VU),MG,,2349.0,http://amphibiaweb.org/species/2349,
269,Microhylidae,,57971,Anura,Rhombophryne guentherpetersi,,Anura,Microhylidae,Cophylinae,Rhombophryne,,guentherpetersi,,Rhombophryne guentherpetersi,,Plethodontohyla guentherpetersi,Endangered (EN),MG,,2350.0,http://amphibiaweb.org/species/2350,
270,Microhylidae,,57973,Anura,Rhombophryne laevipes,,Anura,Microhylidae,Cophylinae,Rhombophryne,,laevipes,,Rhombophryne laevipes,,Plethodontohyla laevipes,Least Concern (LC),MG,,2352.0,http://amphibiaweb.org/species/2352,
271,Microhylidae,,,Anura,Rhombophryne longicrus,,,,,,,,,,,,,,,,,
272,Microhylidae,0000 0000 1110 0293,,Anura,Rhombophryne mangabensis,,,,,,,,,,,,,,,,,
273,Microhylidae,0000 0000 0910 1128,,Anura,Rhombophryne matavy,,,,,,,,,,,,,,,,,
274,Microhylidae,,57975,Anura,Rhombophryne minuta,http://amphibiaweb.org/sounds/Rhombophryne_minuta.mp3,Anura,Microhylidae,Cophylinae,Rhombophryne,,minuta,,Rhombophryne minuta,,Plethodontohyla minuta,Data Deficient (DD),MG,,2353.0,http://amphibiaweb.org/species/2353,
275,Microhylidae,1111 1111 1111 2365,57978,Anura,Rhombophryne serratopalpebrosa,,Anura,Microhylidae,Cophylinae,Rhombophryne,,serratopalpebrosa,,Rhombophryne serratopalpebrosa,,Plethodontohyla serratopalpebrosa,Vulnerable (VU),MG,,2356.0,http://amphibiaweb.org/species/2356,
276,Microhylidae,1111 1111 1111 1143,57994,Anura,Rhombophryne testudo,http://amphibiaweb.org/sounds/Rhombophryne_testudo.mp3,Anura,Microhylidae,Cophylinae,Rhombophryne,,testudo,,Rhombophryne testudo,,,Vulnerable (VU),MG,,2359.0,http://amphibiaweb.org/species/2359,
277,Microhylidae,,,Anura,Rhombophryne vaventy,,,,,,,,,,,,,,,,,
278,Microhylidae,1111 1111 1111 8081,57995,Anura,Scaphiophryne boribory,http://amphibiaweb.org/sounds/Scaphiophryne_boribory.mp3,Anura,Microhylidae,Scaphiophryninae,Scaphiophryne,,boribory,,Scaphiophryne boribory,,,Endangered (EN),MG,,6398.0,http://amphibiaweb.org/species/6398,
279,Microhylidae,1111 1111 1111 1144,57996,Anura,Scaphiophryne brevis,http://amphibiaweb.org/sounds/Scaphiophryne_brevis.mp3,Anura,Microhylidae,Scaphiophryninae,Scaphiophryne,,brevis,,Scaphiophryne brevis,,,Least Concern (LC),MG,,2072.0,http://amphibiaweb.org/species/2072,
280,Microhylidae,1111 1111 1111 1178,57997,Anura,Scaphiophryne calcarata,,Anura,Microhylidae,Scaphiophryninae,Scaphiophryne,,calcarata,,Scaphiophryne calcarata,,,Least Concern (LC),MG,,2073.0,http://amphibiaweb.org/species/2073,
281,Microhylidae,1111 1111 1111 2746,57998,Anura,Scaphiophryne gottlebei,,Anura,Microhylidae,Scaphiophryninae,Scaphiophryne,,gottlebei,Gottlebe's Narrow-mouthed Frog; Sahon'orana (in Malagasy),Scaphiophryne gottlebei,,,Endangered (EN),MG,,2074.0,http://amphibiaweb.org/species/2074,
282,Microhylidae,1111 1111 1111 8084,57999,Anura,Scaphiophryne madagascariensis,http://amphibiaweb.org/sounds/Scaphiophryne_madagascariensis.mp3,Anura,Microhylidae,Scaphiophryninae,Scaphiophryne,,madagascariensis,,Scaphiophryne madagascariensis,,,Near Threatened (NT),MG,,2075.0,http://amphibiaweb.org/species/2075,
283,Microhylidae,1111 1111 1111 1616,58000,Anura,Scaphiophryne marmorata,,Anura,Microhylidae,Scaphiophryninae,Scaphiophryne,,marmorata,,Scaphiophryne marmorata,,,Vulnerable (VU),MG,,2076.0,http://amphibiaweb.org/species/2076,
284,Microhylidae,0000 0000 0514 2192,,Anura,Scaphiophryne matsoko,,,,,,,,,,,,,,,,,
285,Microhylidae,1111 1111 1111 8086,61859,Anura,Scaphiophryne menabensis,,Anura,Microhylidae,Scaphiophryninae,Scaphiophryne,,menabensis,,Scaphiophryne menabensis,,,Vulnerable (VU),MG,,6441.0,http://amphibiaweb.org/species/6441,
286,Microhylidae,,58001,Anura,Scaphiophryne obscura,,Anura,Microhylidae,Scaphiophryninae,Scaphiophryne,,obscura,,Scaphiophryne obscura,,"Pseudohemisus, Scaphiophryne",Data Deficient (DD),MG,,2077.0,http://amphibiaweb.org/species/2077,
287,Microhylidae,1111 1111 1111 8087,58002,Anura,Scaphiophryne spinosa,http://amphibiaweb.org/sounds/Scaphiophryne_spinosa.mp3,Anura,Microhylidae,Scaphiophryninae,Scaphiophryne,,spinosa,,Scaphiophryne spinosa,,,Least Concern (LC),MG,,6573.0,http://amphibiaweb.org/species/6573,
288,Microhylidae,,58003,Anura,Scaphiophryne verrucosa,,Anura,Microhylidae,Scaphiophryninae,Scaphiophryne,,verrucosa,,Scaphiophryne verrucosa,,"Pseudohemisus, Scaphiophryne",Data Deficient (DD),MG,,2079.0,http://amphibiaweb.org/species/2079,
289,Microhylidae,,,Anura,Stumpffia analamaina,,,,,,,,,,,,,,,,,
290,Microhylidae,0000 0000 0910 1131,,Anura,Stumpffia be,,,,,,,,,,,,,,,,,
291,Microhylidae,1111 1111 1111 1145,58008,Anura,Stumpffia gimmeli,http://amphibiaweb.org/sounds/Stumpffia_gimmeli.mp3,Anura,Microhylidae,Cophylinae,Stumpffia,,gimmeli,,Stumpffia gimmeli,,,Least Concern (LC),MG,,2361.0,http://amphibiaweb.org/species/2361,
292,Microhylidae,1111 1111 1111 1179,58009,Anura,Stumpffia grandis,,Anura,Microhylidae,Cophylinae,Stumpffia,,grandis,,Stumpffia grandis,,,Data Deficient (DD),MG,,2362.0,http://amphibiaweb.org/species/2362,
293,Microhylidae,0000 0000 0910 1134,,Anura,Stumpffia hara,,,,,,,,,,,,,,,,,
294,Microhylidae,1111 1111 1111 8090,58010,Anura,Stumpffia helenae,http://amphibiaweb.org/sounds/Stumpffia_helenae.mp3,Anura,Microhylidae,Cophylinae,Stumpffia,,helenae,,Stumpffia helenae,,,Critically Endangered (CR),MG,,6400.0,http://amphibiaweb.org/species/6400,
295,Microhylidae,,,Anura,Stumpffia kibomena,,,,,,,,,,,,,,,,,
296,Microhylidae,,,Anura,Stumpffia madagascariensis,,,,,,,,,,,,,,,,,
297,Microhylidae,0000 0000 0910 1137,,Anura,Stumpffia megsoni,,,,,,,,,,,,,,,,,
298,Microhylidae,,,Anura,Stumpffia miery,,,,,,,,,,,,,,,,,
299,Microhylidae,1111 1111 1111 1146,58011,Anura,Stumpffia psologlossa,http://amphibiaweb.org/sounds/Stumpffia_psologlossa.mp3,Anura,Microhylidae,Cophylinae,Stumpffia,,psologlossa,,Stumpffia psologlossa,,,Data Deficient (DD),MG,,2363.0,http://amphibiaweb.org/species/2363,
300,Microhylidae,1111 1111 1111 8092,58012,Anura,Stumpffia pygmaea,http://amphibiaweb.org/sounds/Stumpffia_pygmaea.mp3,Anura,Microhylidae,Cophylinae,Stumpffia,,pygmaea,,Stumpffia pygmaea,,,Vulnerable (VU),MG,,2364.0,http://amphibiaweb.org/species/2364,
301,Microhylidae,1111 1111 1111 8093,58013,Anura,Stumpffia roseifemoralis,,Anura,Microhylidae,Cophylinae,Stumpffia,,roseifemoralis,,Stumpffia roseifemoralis,,,Data Deficient (DD),MG,,6772.0,http://amphibiaweb.org/species/6772,
302,Microhylidae,0000 0000 0910 1136,,Anura,Stumpffia staffordi,,,,,,,,,,,,,,,,,
303,Microhylidae,1111 1111 1111 8094,58014,Anura,Stumpffia tetradactyla,http://amphibiaweb.org/sounds/Stumpffia_tetradactyla.mp3,Anura,Microhylidae,Cophylinae,Stumpffia,,tetradactyla,,Stumpffia tetradactyla,,,Data Deficient (DD),MG,,2365.0,http://amphibiaweb.org/species/2365,
304,Microhylidae,1111 1111 1111 8095,58015,Anura,Stumpffia tridactyla,http://amphibiaweb.org/sounds/Stumpffia_tridactyla.mp3,Anura,Microhylidae,Cophylinae,Stumpffia,,tridactyla,,Stumpffia tridactyla,,,Data Deficient (DD),MG,,2366.0,http://amphibiaweb.org/species/2366,
